CHỨC NĂNG DỰ ÁN CINEMAX AI — WEB ĐẶT VÉ XEM PHIM THÔNG MINH,,,,
- Công nghệ sử dụng:,"Front-end:
  Next.js 14 App Router (React 18)
  TypeScript & Tailwind CSS
  Lucide Icons & Framer Motion","Back-end:
  Next.js Server Actions & API Handlers
  Node.js Crypto (HMAC-SHA256)
  Upstash Redis REST KV & Lua Scripts
  Groq LPU Llama 3.3 70B AI
  TMDB Live API v3 & VietQR Napas 247",,Link DATABASE: Xem chi tiết tại Trang tính 'DATABASE (11 BẢNG)'
Phân quyền,Chức năng,"Mô tả chi tiết (Luồng xử lý, Trang danh sách, Thêm, Sửa, Xóa, Lọc...)",Người làm,Khó khăn / Thách thức kỹ thuật
Admin,Quản lý phim,"- Trang danh sách:
   + Hiển thị danh sách phim có phân trang (15, 30, 45 bản ghi)
   + Thay đổi được số bản ghi trên một trang
   + Tìm kiếm theo tên phim, thể loại
   + Lọc theo trạng thái: Đang chiếu (now_playing), Sắp chiếu (upcoming), Nổi bật (trending)
   + Sắp xếp tăng dần, giảm dần theo tên, ngày phát hành, thời lượng, điểm đánh giá
   + Có thể thay đổi trạng thái hiển thị phim
   + Chuyển vào thùng rác một phim
   + Chuyển vào thùng rác nhiều phim
- Trang thùng rác:
   + Hiển thị danh sách phim đã xóa có phân trang
   + Tìm kiếm theo tên phim trong thùng rác
   + Khôi phục một phim & khôi phục nhiều phim
   + Xóa vĩnh viễn một & xóa vĩnh viễn nhiều phim
- Trang chi tiết phim: Hiển thị đầy đủ poster, trailer YouTube, thời lượng, độ tuổi (T18, T16, P), diễn viên
- Trang thêm mới phim: Tự động điền dữ liệu bằng cách nhập mã TMDB ID hoặc nhập thủ công
- Trang sửa phim: Cập nhật thông tin, poster, độ tuổi, phân loại",Dũng,Hình ảnh poster dung lượng lớn làm chậm tốc độ tải trang. Khắc phục bằng Next.js Image Optimization nén WebP và CDN Cache s-maxage=120s.
Admin,Quản lý suất chiếu,"- Trang danh sách suất chiếu:
   + Hiển thị lịch chiếu theo từng phòng và từng cụm rạp có phân trang
   + Lọc suất chiếu theo ngày (hôm nay, ngày mai, 7 ngày tới) và theo định dạng (2D, IMAX, ScreenX)
   + Tìm kiếm theo tên phim hoặc tên phòng chiếu
   + Xem số lượng ghế đã bán / ghế còn trống thời gian thực
   + Hủy suất chiếu đơn lẻ hoặc nhiều suất
- Trang thêm mới suất chiếu:
   + Chọn cụm rạp, chọn phòng chiếu, chọn phim và ngày chiếu
   + Chọn giờ bắt đầu chiếu (HH:mm)
   + Tự động kích hoạt Showtime Collision Engine: Tính toán thời lượng phim + 10 phút trailer + 15 phút dọn phòng vệ sinh
   + Nếu trùng giờ chiếu với phim khác: Báo lỗi 409 Xung đột lịch chiếu và tự động đề xuất 3 khung giờ trống gần nhất của phòng đó
- Nút Đồng bộ lịch chiếu Beta Cinemas:
   + Crawl và đồng bộ tự động toàn bộ lịch chiếu từ rạp Beta Cinemas Xuân Thủy vào hệ thống
- Trang sửa suất chiếu: Điều chỉnh giờ chiếu, đổi phòng chiếu",Tuấn,"Nguy cơ xung đột lịch phòng chiếu giữa 2 phim nối tiếp nhau. Khắc phục bằng giải thuật Collision Engine kiểm tra khoảng giao thời gian [start, start + duration + 25p]."
Admin,Quản lý đơn hàng & Vé,"- Trang danh sách đơn vé:
   + Hiển thị toàn bộ vé đặt trên hệ thống có phân trang (15, 30, 45)
   + Tìm kiếm theo Mã đặt vé (bookingId), Số điện thoại khách hàng, Tên phim
   + Lọc theo trạng thái: Chờ thanh toán, Đã thanh toán (valid), Đã soát vào rạp (used), Đã hủy/hoàn (void)
   + Sắp xếp theo ngày đặt, tổng tiền thanh toán
- Trang chi tiết đơn vé:
   + Xem thông tin người mua, chi tiết các ghế đã chọn (A1, A2...)
   + Xem combo bắp nước đi kèm, mã giảm giá voucher đã áp dụng
   + Xem chuỗi mã QR soát vé và trạng thái chữ ký số HMAC
- Xử lý hoàn vé & Hủy vé:
   + Nút 'Hủy vé & Trả ghế': Chuyển trạng thái vé sang void, tự động giải phóng ghế trong Redis showtime store
   + Cập nhật trạng thái hoàn tiền cho khách",Minh,Khối lượng vé lớn gây nghẽn truy vấn. Khắc phục bằng phân trang phía Server (Server-side Pagination) kết hợp Indexing trên bookingId và phone.
Admin,Quản lý F&B (Bắp nước),"- Trang danh sách bắp nước & combo:
   + Hiển thị danh sách combo (Beta Solo, Combo Couple, Party) có phân trang
   + Tìm kiếm theo tên sản phẩm
   + Thay đổi trạng thái Còn hàng / Tạm hết hàng
   + Xóa một hoặc xóa nhiều sản phẩm
- Trang thêm mới combo bắp nước:
   + Nhập tên combo, giá bán, hình ảnh minh họa
   + Cấu hình các vị bắp (Ngọt truyền thống, Phô mai +10k, Caramel +10k)
   + Cấu hình số ngăn bắp tối đa (1 ngăn, 2 ngăn) và size nước (22oz, 32oz)
- Trang sửa combo: Cập nhật giá bán, mô tả, vị bắp",Tuấn,Khách hàng can thiệp gửi số lượng vị bắp vượt quá số ngăn quy định. Khắc phục bằng cơ chế Validation Matrix phía Server trước khi tính tổng tiền.
Admin,Quản lý mã giảm giá (Voucher),"- Trang danh sách voucher:
   + Hiển thị danh sách mã ưu đãi có phân trang (15, 30, 45)
   + Tìm kiếm theo mã voucher (VD: SINHVIEN20, BETA50K)
   + Sắp xếp theo ngày tạo, ngày hết hạn, số lượt đã dùng
   + Bật / Tắt trạng thái kích hoạt của mã
   + Xóa một hoặc nhiều voucher vào thùng rác
- Trang thêm mới voucher:
   + Nhập mã code, loại giảm giá (% hoặc số tiền cố định VNĐ)
   + Thiết lập giá trị đơn tối thiểu, mức giảm tối đa
   + Thiết lập tổng số lượt sử dụng tối đa và thời hạn áp dụng (start_date, end_date)
- Trang sửa voucher: Cập nhật hạn mức, gia hạn ngày",Tuấn,Nguy cơ khách áp dụng đồng thời voucher vượt quá số lượt cho phép. Khắc phục bằng Atomic Redis Counter và kiểm tra Unique Phone.
Admin,Quản lý đánh giá & Bình luận,"- Trang danh sách đánh giá:
   + Xem danh sách nhận xét phim của khán giả theo số sao (1-5 sao)
   + Lọc theo phim, lọc theo trạng thái: Chờ duyệt, Đã duyệt, Đã ẩn
   + Tìm kiếm theo số điện thoại người đánh giá hoặc nội dung bình luận
   + Phê duyệt hoặc ẩn nhận xét vi phạm tiêu chuẩn cộng đồng
   + Xóa nhận xét spam",Dũng,Bình luận spam và nhận xét ảo không mua vé. Khắc phục bằng cơ chế Verified Review (chỉ tài khoản có bookingId hợp lệ mới được gửi đánh giá).
Admin,Thống kê & Báo cáo Dashboard,"- Thống kê tổng quan KPI:
   + Tổng doanh thu bán vé & bắp nước (theo ngày, tuần, tháng)
   + Số lượng vé đã bán và tỷ lệ lấp đầy ghế bình quân (Occupancy Rate)
   + Top 5 bộ phim có doanh thu cao nhất phòng vé
   + Thống kê theo từng cụm rạp và từng phòng chiếu
- Biểu đồ doanh thu trực quan:
   + Biểu đồ đường tăng trưởng doanh thu 30 ngày gần nhất
   + Biểu đồ tròn cơ cấu doanh thu: Tiền vé (80%) vs Tiền bắp nước F&B (20%)",Tuấn,Truy vấn aggregate dữ liệu lớn làm chậm Dashboard. Khắc phục bằng Pre-calculated Cache lưu trữ các mốc thống kê định kỳ.
Admin,Xác thực & Bảo mật Quản trị,"- Trang đăng nhập quản trị riêng biệt (/admin/login):
   + Nhập mật khẩu quản trị bảo mật
   + Khóa tạm thời 5 phút sau 8 lần nhập sai liên tiếp (Chống Brute Force)
   + Cấp cookie phiên HMAC-SHA256 với cờ HttpOnly, SameSite=Strict, Secure
- Đăng xuất quản trị:
   + Nút Đăng xuất xóa sạch cookie phiên, vô hiệu hóa token và chuyển hướng an toàn",Minh,Nguy cơ tấn công dò quét mật khẩu quản trị. Khắc phục bằng cơ chế Rate Limiting theo IP và mã hóa Session Cookie chuẩn HMAC.
Nhân viên,Xác thực nhân viên soát vé,"- Trang đăng nhập cổng nhân viên (/scanner):
   + Nhập Mã nhân viên (Staff ID) và Mật khẩu bảo mật (Passcode)
   + Xác thực theo danh sách ca trực được phân quyền
   + Ghi nhận tên nhân viên và mã ca trực vào phiên làm việc
- Đăng xuất ca trực khi hết giờ",Minh,Nhân viên quên đăng xuất khiến người khác thao tác nhầm. Khắc phục bằng tự động hết hạn phiên ca trực sau 8 tiếng.
Nhân viên,Soát vé điện tử (QR Scanner),"- Quét mã QR bằng Camera thiết bị:
   + Kích hoạt Camera điện thoại hoặc máy tính bảng của rạp
   + Tự động căn khung lấy nét và nhận diện chuỗi QR định dạng cinemax:ticket:bookingId:token
   + Báo âm thanh Bíp thành công và rung nhẹ trên thiết bị
- Xác thực tính toàn vẹn vé & Chống giả mạo:
   + Server băm lại HMAC-SHA256(bookingId + secret) và dùng timingSafeEqual so sánh với chuỗi token trên vé
   + Nếu token bị sai lệch -> Báo động đỏ: 'VÉ GIẢ MẠO HOẶC ĐÃ BỊ CHỈNH SỬA' ngay lập tức
- Chống quét trùng vé (Anti-Replay Attack):
   + Thực thi lệnh Redis SETNX cinemax:ticket:used:<id>
   + Nếu vé đã được soát trước đó: Báo động đỏ: 'VÉ ĐÃ SỬ DỤNG' kèm thời gian quét và tên nhân viên đã soát trước đó
- Cho phép vào rạp:
   + Màn hình xanh hiển thị: Tên phim, Giờ chiếu, Phòng chiếu, Số ghế ngồi hợp lệ",Minh,Khách hàng chụp màn hình mã QR gửi cho người khác cùng vào rạp hoặc 2 nhân viên quét cùng lúc. Khắc phục bằng Atomic Redis SETNX đảm bảo chỉ duy nhất 1 lần quét hợp lệ.
Nhân viên,Tra cứu vé thủ công,"- Ô tìm kiếm nhanh khi khách hết pin điện thoại hoặc không mở được QR:
   + Nhập Mã đặt vé (bookingId) hoặc Số điện thoại người mua
   + Hiển thị thông tin vé, số ghế, trạng thái thanh toán
   + Nút 'Xác nhận vào rạp thủ công' cho nhân viên đối soát thực tế",Minh,Khách đọc nhầm số điện thoại. Khắc phục bằng đối chiếu thêm tên khách hàng và 4 số cuối số điện thoại.
Nhân viên,Thống kê ca trực,"- Xem báo cáo nhanh ca trực tại cổng soát vé:
   + Tổng số lượt khách đã soát thành công vào rạp trong ca trực
   + Số lượng vé lỗi / vé giả mạo phát hiện được
   + Danh sách các vé vừa soát gần nhất",Minh,Đồng bộ dữ liệu ca trực khi mạng rạp chập chờn. Khắc phục bằng LocalStorage Offline Queue tự đồng bộ khi có mạng.
Khách hàng,Xác thực & Ví vé cá nhân,"- Trang Dashboard cá nhân (/dashboard):
   + Đăng nhập nhanh bằng Số điện thoại (Phone Auth Gate)
   + Xem danh sách toàn bộ các vé đã mua theo trạng thái: Vé sắp xem, Vé đã xem, Vé đã hủy
   + Mở lại mã QR vé điện tử bất kỳ lúc nào để trình cho nhân viên rạp soát vé
   + Tuyệt đối tách biệt, không lộ bất kỳ nút hay quyền hạn của Admin / Nhân viên",Minh,Khách hàng vào nhầm link quản trị hoặc thấy các nút của admin. Khắc phục bằng cơ chế Route Guard phân quyền nghiêm ngặt 3 tầng.
Khách hàng,Khám phá phim & Trang chủ,"- Trang chủ hiển thị danh mục phim chuẩn rạp chiếu:
   + Tab Phim Đang Chiếu, Phim Sắp Chiếu, Suất Chiếu Đặc Biệt
   + Dữ liệu trực tiếp từ TMDB API v3 kết hợp danh mục phim rạp Việt Nam
   + Thanh tìm kiếm nhanh theo tiêu đề phim
   + Lọc phim theo thể loại (Hành động, Kinh dị, Hoạt hình, Tình cảm...) và độ tuổi (P, T13, T16, T18)
   + Xem trailer YouTube, điểm đánh giá khán giả, nội dung tóm tắt phim",Dũng,Dữ liệu API TMDB có độ trễ kết nối quốc tế. Khắc phục bằng cơ chế Fallback sang danh mục phim nội bộ lưu sẵn trong hệ thống.
Khách hàng,AI Hỗ trợ tìm kiếm & Tư vấn,"- Tìm kiếm thông minh Spotlight AI (Phím tắt Ctrl+K):
   + Người dùng gõ câu hỏi bằng ngôn ngữ tự nhiên (VD: 'phim hành động cháy nổ cuối tuần này')
   + Mô hình Hugging Face Semantic Search RAG trích xuất ngữ nghĩa và tìm phim phù hợp trong 0.2 giây
- CineBot AI tư vấn phim theo cảm xúc:
   + Chatbot AI góc màn hình đóng vai chuyên gia điện ảnh CineMax
   + Khách chia sẻ tâm trạng (buồn, stress, hẹn hò), AI phân tích và đề xuất phim kèm lý do
   + Tự động nhận diện số lượng người xem (party size) và cung cấp nút chọn phim vào thẳng phòng vé 1-click",Dũng,Độ trễ xử lý ngôn ngữ tự nhiên của AI. Khắc phục bằng hạ tầng Groq LPU tốc độ ~500 tokens/giây và Streaming Text tức thời.
Khách hàng,Đặt vé & Chọn suất chiếu,"- Thanh Đặt Vé Nhanh (Quick Booking Bar):
   + Cố định đầu trang: 1-Click Chọn Phim -> Chọn Cụm Rạp -> Chọn Ngày -> Chọn Suất Chiếu -> MUA VÉ NGAY
   + Tự động nhận diện suất chiếu khả dụng gần nhất
- Modal Đặt Vé Bước 1 (Chọn rạp & Giờ chiếu):
   + Danh sách cụm rạp: Beta Cinemas Xuân Thủy, CGV Vincom...
   + Chọn ngày chiếu (Hôm nay, Ngày mai, Ngày kia)
   + Hiển thị khung giờ chiếu theo định dạng (2D Phụ đề, IMAX, ScreenX)
   + Tự động ẩn suất đã qua giờ chiếu; Nút 'Tiếp tục: Chọn ghế' luôn kích hoạt chính xác",Dũng,Khách chọn nhầm suất đã qua giờ chiếu dẫn đến lỗi không tiếp tục được. Khắc phục bằng bộ lọc thời gian tương lai và tự động chọn suất khả dụng.
Khách hàng,Sơ đồ chọn ghế tương tác,"- Sơ đồ 102 ghế chuẩn Beta Cinemas:
   + Ma trận 9 hàng A-K x 12 cột hiển thị trực quan
   + Phân tầng màu sắc: Ghế Standard (55.000đ), Ghế VIP (75.000đ), Ghế đôi Sweetbox hàng K (130.000đ/cặp)
   + Cập nhật trạng thái ghế: Trống (xám), Đang chọn (xanh), Đang có người giữ (vàng), Đã bán (đỏ)
   + Cho phép chọn tối đa 8 ghế/lần đặt
- Thuật toán chống ghế mồ côi (Orphan Seat Rule):
   + Không cho phép để lại 1 ghế trống đơn độc ở đầu hàng, cuối hàng hoặc giữa 2 khách khác
   + Cảnh báo trực quan màu đỏ và hướng dẫn khách chọn hợp lệ
- Mô phỏng góc nhìn rạp 3D (View From Seat):
   + Nhấp vào ghế để xem góc nhìn thực tế lên màn chiếu từ vị trí đó, làm nổi bật khu vực Sweet Spot (Hàng E, F)",Tuấn,Sơ đồ 102 ghế bị chậm trên điện thoại. Khắc phục bằng tối ưu hóa React Virtualization và vẽ phẳng bằng CSS Grid hiện đại.
Khách hàng,Giữ ghế nguyên tử 300 giây,"- Cơ chế giữ ghế thời gian thực (Seat Hold):
   + Ngay khi khách chọn ghế xong và bấm tiếp tục, hệ thống lập tức khóa các ghế đó trong 300 giây (5 phút)
   + Đồng hồ đếm ngược thời gian thực trên màn hình thanh toán
   + Trong 300 giây này, không bất kỳ ai khác trên toàn mạng có thể chọn trùng ghế (Chống Overbooking 100%)
   + Nếu hết 300 giây chưa thanh toán, hệ thống tự động giải phóng ghế trở lại trạng thái trống cho người khác chọn",Đăng,Nhiều khách hàng cùng bấm giữ 1 ghế ở cùng 1 phần nghìn giây (Race Condition). Khắc phục bằng Upstash Redis Lua Script thực thi nguyên tử atomic.
Khách hàng,Chọn bắp nước (F&B Upsell),"- Thêm bắp nước vào vé:
   + Chọn các combo tiện lợi (Beta Solo 1 bắp 1 nước, Combo Đôi 1 bắp 2 nước, Party Combo)
   + Chọn vị bắp: Ngọt truyền thống, Phô mai (+10k), Caramel (+10k)
   + Tùy chọn Upsize ly nước ngọt khổng lồ 32oz (+12k)
   + Tự động cộng dồn tiền bắp nước minh bạch vào tổng tiền đơn hàng",Tuấn,Xử lý tùy chọn vị bắp linh hoạt theo số ngăn. Khắc phục bằng component selector kiểm soát chặt chẽ số lượng ngăn bắp.
Khách hàng,Thanh toán VietQR & MoMo,"- Thanh toán không tiền mặt tiện lợi:
   + Sinh mã VietQR động chuẩn Napas 247 chứa chính xác số tiền, số tài khoản và nội dung mã vé
   + Nút bấm sao chép nhanh số tài khoản & nội dung chuyển khoản
   + Hỗ trợ cổng thanh toán ví điện tử MoMo
   + Nhận mã giảm giá voucher trừ tiền tức thì trước khi thanh toán",Dũng,Khách chuyển khoản sai nội dung hoặc thiếu tiền. Khắc phục bằng tích hợp mã VietQR quét tự điền chuẩn 100% số tiền và mã vé.
Khách hàng,Vé điện tử & Vào rạp,"- Xuất vé xem phim điện tử hoàn chỉnh:
   + Hiển thị mã QR bảo mật chữ ký số HMAC-SHA256
   + Hiển thị chi tiết tên phim, phòng chiếu, vị trí ghế, giờ chiếu và combo bắp nước
   + Nút tải vé về máy hoặc lưu vào thư viện ảnh
   + Hướng dẫn chi tiết đường đi vào phòng chiếu tại rạp",Minh,Mã QR hiển thị trên màn hình bị mờ khó quét. Khắc phục bằng thư viện qrcode tạo vector SVG độ nét cao với mức sửa lỗi Error Correction Level H.
- QUY TRÌNH NGHIỆP VỤ HỆ THỐNG CINEMAX AI:,,,,
- Quy trình 1: Đặt vé & Giữ ghế nguyên tử 300s (Seat Hold & Booking):,,,,
B1: Khách hàng chọn suất chiếu và bấm chọn ghế trên sơ đồ 102 chỗ (hệ thống kiểm tra chống ghế mồ côi Orphan Seat).,,,,
"B2: Khách hàng bấm 'Tiếp tục', hệ thống gọi API giữ chỗ POST /api/seats/hold.",,,,
"B3: Backend thực thi Redis Lua Script kiểm tra nguyên tử: Nếu tất cả ghế đều trống -> Khóa giữ chỗ trong 300 giây (5 phút), trả về holdId.",,,,
- Nếu có bất kỳ ghế nào đã bị người khác chọn trước: Báo lỗi 409 SEAT_TAKEN và yêu cầu khách chọn lại ghế khác.,,,,
"B4: Khách hàng chọn bắp nước, áp mã voucher giảm giá và quét mã VietQR để thanh toán.",,,,
"B5: Sau khi thanh toán thành công, hệ thống chuyển vé sang trạng thái 'valid', ký số HMAC-SHA256 và sinh mã QR vào rạp.",,,,
"B6: Nếu sau 300 giây khách hàng không thanh toán, Redis tự động giải phóng ghế trở lại trạng thái trống hoàn toàn.",,,,
- Quy trình 2: Soát vé điện tử & Chống vé giả mạo / Quét trùng (QR Check-in):,,,,
B1: Khách hàng xuất trình mã QR trên vé điện tử tại cửa phòng chiếu.,,,,
B2: Nhân viên rạp mở ứng dụng /scanner trên điện thoại và quét mã QR.,,,,
"B3: Server nhận mã vé và token, tự động tính toán lại HMAC-SHA256(bookingId + secret) rồi so sánh bằng timingSafeEqual.",,,,
- Nếu chữ ký sai: Lập tức báo động đỏ 'VÉ GIẢ MẠO / KHÔNG HỢP LỆ' và từ chối vào rạp.,,,,
B4: Server thực hiện khóa nguyên tử Redis SETNX cinemax:ticket:used:<bookingId>.,,,,
- Nếu vé đã quét trước đó: Báo động đỏ 'VÉ ĐÃ ĐƯỢC SỬ DỤNG' kèm thời gian và nhân viên đã soát lần đầu.,,,,
"B5: Nếu vé hợp lệ và chưa sử dụng: Màn hình hiển thị màu xanh 'VÉ HỢP LỆ — MỜI VÀO PHÒNG CHIẾU', ghi nhận thời gian soát.",,,,
- Quy trình 3: Điều phối lịch chiếu & Chống va chạm phòng chiếu (Showtime Collision Engine):,,,,
"B1: Admin vào trang Quản lý suất chiếu, chọn rạp, phòng chiếu, phim, ngày chiếu và giờ bắt đầu.",,,,
"B2: Hệ thống tự động lấy thời lượng phim, cộng 10 phút chiếu trailer giới thiệu + 15 phút dọn dẹp vệ sinh phòng chiếu.",,,,
"B3: Collision Engine kiểm tra khoảng thời gian chiếm dụng [start_time, start_time + duration + 25 phút] với tất cả các suất chiếu hiện có của phòng.",,,,
"- Nếu phát hiện trùng giờ chiếu: Hệ thống từ chối tạo suất chiếu, báo lỗi 409 và tự động tính toán đề xuất 3 khung giờ trống gần nhất.",,,,
B4: Nếu không va chạm: Hệ thống lưu suất chiếu vào cơ sở dữ liệu và hiển thị ngay cho khách hàng đặt vé.,,,,
- Quy trình 4: Hoàn tiền & Hủy vé tự động (Refund Policy):,,,,
"B1: Khách hàng vào trang Dashboard cá nhân (/dashboard), chọn vé muốn hủy và bấm 'Yêu cầu hoàn vé'.",,,,
B2: Hệ thống kiểm tra điều kiện thời gian: Yêu cầu phải trước giờ chiếu phim tối thiểu 60 phút.,,,,
- Nếu thời gian còn lại dưới 60 phút hoặc vé đã được quét vào rạp: Hệ thống từ chối hoàn vé theo quy định của rạp.,,,,
"B3: Nếu đủ điều kiện hợp lệ: Hệ thống chuyển trạng thái vé sang 'void', tự động giải phóng ghế trong phòng chiếu về 'free'.",,,,
B4: Hệ thống tạo lệnh hoàn tiền tự động qua tài khoản VietQR/MoMo của khách hàng hoặc cấp voucher tương đương giá trị vé.,,,,
B5: Gửi thông báo xác nhận hủy vé thành công đến số điện thoại của khách hàng.,,,,
