,BÁO CÁO KHẢO SÁT & ĐẶC TẢ DỰ ÁN PHẦN MỀM,,,,,
,Dự án: Hệ Thống Đặt Vé Xem Phim Thông Minh & Quản Trị Rạp Chiếu (CineMax AI),,,,,
,"Tài liệu thiết kế chi tiết: WBS Chức Năng, Ma Trận Phân Quyền, Data Dictionary CSDL & Quy Trình Nghiệp Vụ",,,,,
,1. THÔNG TIN CHUNG DỰ ÁN,,,,,
,Tên đề tài / Dự án,CineMax AI — Nền Tảng Đặt Vé Xem Phim Trực Tuyến Tích Hợp AI,,,,
,Mã dự án,CINEMAX-AI-2026,,,,
,Mô hình phát triển,Agile / Scrum (Sprints 1-4),,,,
,Đối tượng phục vụ,"Khách hàng mua vé, Nhân viên soát vé tại rạp, Quản trị viên cụm rạp",,,,
,Kiến trúc hệ thống,"Fullstack Modern Web (Next.js 14 App Router, Serverless Backend, REST API)",,,,
,Công nghệ Frontend,"Next.js 14 (React 18), TypeScript, Tailwind CSS, Lucide Icons",,,,
,Công nghệ Backend,"Next.js Route Handlers, Node.js Crypto (HMAC-SHA256, timingSafeEqual)",,,,
,Hệ thống lưu trữ (Database),"Upstash Redis REST KV (Distributed Lock, Atomic Lua Scripts, Sets, Hashes)",,,,
,Tích hợp AI & Dịch vụ ngoài,"Groq AI (Llama 3.3 70B NLP), HuggingFace RAG, TMDB Live API v3, VietQR Banking",,,,
,Kiểm thử chất lượng,"Playwright E2E Testing, 37/37 Automated Module Unit & Integration Tests",,,,
,2. DANH SÁCH THÀNH VIÊN VÀ PHÂN CÔNG TRÁCH NHIỆM,,,,,
,STT,Họ và Tên,Vai Trò / Vị Trí,Phân Hệ Phụ Trách,Nhiệm Vụ Cụ Thể Trong Dự Án,Ghi Chú
,1,Nguyễn Chí Dũng,Trưởng Nhóm / Fullstack Lead & AI Integration,Toàn hệ thống & AI Engine,"Quản lý mã nguồn (Git Repo), Kiến trúc tổng thể hệ thống, Tích hợp TMDB API & Groq AI Chatbot, Xây dựng Semantic Search RAG, Tối ưu hóa UI/UX Home & Booking Modal.",Trưởng nhóm
,2,Nguyễn Hải Đăng,Database Architect & Backend Engineer,Cơ Sở Dữ Liệu & Concurrency,"Thiết kế cấu trúc CSDL Upstash Redis (Hash, Set, Key patterns), Viết các kịch bản Lua Script giữ ghế nguyên tử (hold/commit), Quản lý phân tán khóa phòng chiếu (Distributed Mutex).",Thành viên chính
,3,Nguyễn Văn Tuấn,Backend Services & Business Logic Engineer,Engine Nghiệp Vụ & Báo Cáo,"Xây dựng Showtime Collision Engine (xử lý va chạm lịch chiếu), Thuật toán Orphan Seat Rule (chống ghế mồ côi), Module F&B Upsell & Pricing Engine, API Thống kê doanh thu rạp.",Thành viên chính
,4,Đào Duy Minh,Frontend Lead & Security Engineer,"Giao Diện, Auth & Scanner","Phát triển Cổng Quản trị Admin (/admin), Xây dựng Cổng Nhân viên Soát vé (/scanner), Bảo mật vé với chữ ký số HMAC-SHA256, Cơ chế phiên đăng nhập Admin HttpOnly Cookie.",Thành viên chính
