,BẢNG KHẢO SÁT & PHÂN RÃ CHỨC NĂNG CHI TIẾT (WBS / SRS MATRIX),,,,,,,
,"Chi tiết ma trận phân quyền 3 tầng (Admin - Nhân viên - Khách hàng), luồng thao tác và phân công phụ trách",,,,,,,
,Mã CN,Phân Quyền,Module / Nhóm CN,Tên Chức Năng,Mô Tả Luồng Xử Lý & Yêu Cầu Giao Diện,Quy Chuẩn Kỹ Thuật / Nghiệp Vụ,Người Phụ Trách,Trạng Thái
,ADM-01,Quản Trị Viên (Admin),Xác Thực & Bảo Mật,Đăng nhập trang Quản trị,Form nhập mật khẩu quản trị (/admin/login). Khóa tạm thời 5 phút sau 8 lần nhập sai. Sau khi đăng nhập cấp cookie phiên HMAC HttpOnly.,POST /api/auth/admin-login; biến ADMIN_LOGIN_PASSWORD; Chống Brute Force.,Đào Duy Minh,Hoàn thành
,ADM-02,Quản Trị Viên (Admin),Xác Thực & Bảo Mật,Đăng xuất quản trị,"Nút bấm Đăng xuất trên thanh tiêu đề Admin, xóa sạch cookie phiên và chuyển hướng về trang login.",POST /api/auth/admin-logout; Max-Age=0 cookie deletion.,Đào Duy Minh,Hoàn thành
,ADM-03,Quản Trị Viên (Admin),Quản Lý Phim,Xem danh sách & Lọc phim,"Hiển thị bảng danh sách phim đang chiếu / sắp chiếu kèm ảnh poster, thể loại, thời lượng, độ tuổi (T18, T16, P). Cho phép tìm kiếm nhanh theo tên phim.","Phân trang 15/30/45 bản ghi; Sort theo tên, thời lượng, ngày phát hành; Fetch từ API/Local.",Nguyễn Chí Dũng,Hoàn thành
,ADM-04,Quản Trị Viên (Admin),Quản Lý Suất Chiếu,Tạo suất chiếu mới (Kiểm tra va chạm),"Form chọn rạp, phòng chiếu, phim, ngày và giờ chiếu. Hệ thống tự động kích hoạt Engine kiểm tra va chạm phòng chiếu.","Showtime Collision Engine: Tự động cộng 10p trailer + 15p dọn phòng [start, start+duration+25). Báo lỗi 409 nếu đè giờ và đề xuất 3 khung giờ trống gần nhất.",Nguyễn Văn Tuấn,Hoàn thành
,ADM-05,Quản Trị Viên (Admin),Quản Lý Suất Chiếu,Xóa / Hủy suất chiếu (Thùng rác),"Nút xóa suất chiếu đơn lẻ hoặc hàng loạt. Hỗ trợ chuyển vào thùng rác Soft Delete để khôi phục khi cần, tránh mất mát dữ liệu vé đã bán.",DELETE /api/admin/showtimes; Thu hồi khóa phòng trong Upstash Redis; Void các vé liên quan.,Nguyễn Hải Đăng,Hoàn thành
,ADM-06,Quản Trị Viên (Admin),Quản Lý Suất Chiếu,Đồng bộ lịch chiếu Beta Cinemas,Nút bấm 'Đồng bộ Beta Cinemas' tự động crawl lịch chiếu chuẩn từ cụm rạp Beta Xuân Thủy và đưa vào hệ thống quản lý.,POST /api/admin/sync-beta; Header Authorization: Bearer <ADMIN_SYNC_SECRET>; Background Sync.,Nguyễn Chí Dũng,Hoàn thành
,ADM-07,Quản Trị Viên (Admin),Quản Lý Vé & Đơn Hàng,Xem danh sách vé toàn hệ thống,"Hiển thị bảng toàn bộ vé đã xuất: Mã vé, Khách hàng, SĐT, Phim, Suất, Ghế, Tổng tiền, Trạng thái (valid, used, void).","Phân trang, lọc theo trạng thái vé, tìm kiếm theo số điện thoại hoặc mã vé, sắp xếp theo thời gian đặt.",Đào Duy Minh,Hoàn thành
,ADM-08,Quản Trị Viên (Admin),Quản Lý F&B / Bắp Nước,Quản lý danh mục Combo & Giá,"Cấu hình các gói Combo (Beta Solo, Couple, Party), giá bán lẻ, các vị bắp (ngọt, phô mai, caramel) và kích cỡ nước ngọt.",F&B Upsell Catalog; Chống gian lận số lượng vị bắp vượt quá số ngăn cho phép.,Nguyễn Văn Tuấn,Hoàn thành
,ADM-09,Quản Trị Viên (Admin),Khuyến Mãi & Voucher,Quản lý Mã Giảm Giá,"Tạo mã voucher (VD: SINHVIEN20, BETA50K), thiết lập hạn mức giảm (% hoặc số tiền), giá trị đơn tối thiểu, số lượt dùng tối đa và ngày hết hạn.",Kiểm tra tính hợp lệ tại giỏ hàng; Soft delete mã giảm giá; Thống kê số lần kích hoạt.,Nguyễn Văn Tuấn,Hoàn thành
,ADM-10,Quản Trị Viên (Admin),Thống Kê & Báo Cáo,Dashboard Thống kê Doanh thu,"Hiển thị các thẻ chỉ số KPI: Tổng doanh thu, Số vé đã bán, Tỷ lệ lấp đầy ghế, Top 5 phim bán chạy nhất. Biểu đồ trực quan theo ngày/tuần/tháng.",Aggregated Metrics từ Ticket Store; Tính toán doanh thu thực tế; Phân loại theo cụm rạp.,Nguyễn Văn Tuấn,Hoàn thành
,STF-01,Nhân Viên (Staff),Xác Thực Nhân Viên,Đăng nhập cổng soát vé,Nhân viên nhập Mã nhân viên (Staff ID) và Mật khẩu (Passcode) tại màn hình /scanner để kích hoạt quyền soát vé ca trực.,Biến môi trường STAFF_ACCOUNTS (MãNV:Passcode:HọTên); Server tự gán scannedByLabel chống giả mạo.,Đào Duy Minh,Hoàn thành
,STF-02,Nhân Viên (Staff),Soát Vé Điện Tử,Quét mã QR soát vé bằng Camera,"Giao diện kích hoạt Camera thiết bị (điện thoại/laptop), tự động căn khung quét mã QR trên vé khách hàng mang đến rạp.",Tự động giải mã chuỗi định dạng 'cinemax:ticket:bk-xxxx:HMAC_TOKEN'; Báo rung/âm thanh khi quét thành công.,Đào Duy Minh,Hoàn thành
,STF-03,Nhân Viên (Staff),Soát Vé Điện Tử,Xác thực tính toàn vẹn vé & Chống giả,Server băm lại HMAC-SHA256(bookingId + secret) và dùng timingSafeEqual so sánh. Nếu vé bị sửa đổi mã vé -> Báo vé giả mạo ngay lập tức.,POST /api/tickets/check-in; HMAC Signature Verification; Status chuyển từ 'valid' sang 'used'.,Đào Duy Minh,Hoàn thành
,STF-04,Nhân Viên (Staff),Soát Vé Điện Tử,Chống quét trùng vé (Anti-Replay),"Nếu vé đã được quét trước đó, màn hình cảnh báo đỏ rực: 'VÉ ĐÃ SỬ DỤNG' kèm thời gian quét và tên nhân viên đã soát trước đó.","Redis SETNX cinemax:ticket:used:<id> đảm bảo nguyên tử, dù 2 nhân viên quét cùng 1 giây vẫn chỉ 1 máy báo hợp lệ.",Nguyễn Hải Đăng,Hoàn thành
,STF-05,Nhân Viên (Staff),Tra Cứu Vé,Tra cứu thủ công khi điện thoại khách hết pin,Ô nhập liệu nhanh cho phép nhân viên gõ Mã đặt vé (bookingId) hoặc Số điện thoại người mua để kiểm tra thông tin vé trên hệ thống.,"GET /api/tickets/[id]; Hiển thị chi tiết số ghế, phòng chiếu, tên phim để nhân viên đối soát thực tế.",Đào Duy Minh,Hoàn thành
,CUS-01,Khách Hàng (Customer),Khám Phá Phim,Xem danh mục phim chuẩn thương mại,"Trang chủ hiển thị danh sách phim theo tab chuẩn CGV/Galaxy: Đang Chiếu, Sắp Chiếu, Suất Chiếu Đặc Biệt. Dữ liệu live từ TMDB + phim rạp Việt.","GET /api/movies?category=all; Caching s-maxage=120; Lọc theo thể loại, độ tuổi, tìm kiếm nhanh theo tiêu đề.",Nguyễn Chí Dũng,Hoàn thành
,CUS-02,Khách Hàng (Customer),AI Hỗ Trợ,Tìm kiếm thông minh Spotlight (RAG),Nhấn Ctrl+K mở thanh tìm kiếm Spotlight AI. Người dùng có thể gõ câu hỏi tự nhiên (VD: 'phim hành động cháy nổ xem cùng bạn gái').,Hugging Face Semantic Search RAG; Trích xuất đặc trưng câu hỏi và so khớp ngữ nghĩa với mô tả phim.,Nguyễn Chí Dũng,Hoàn thành
,CUS-03,Khách Hàng (Customer),AI Hỗ Trợ,CineBot AI tư vấn phim theo cảm xúc,"Widget Chatbot góc phải màn hình. Khách nhắn tin trò chuyện về tâm trạng (stress, buồn, hẹn hò), AI phân tích và đề xuất phim kèm gợi ý ghế.",Groq LPU Llama 3.3 70B (~500 tokens/s); Trích xuất party size; Nút bấm chọn phim vào thẳng sơ đồ ghế 1-click.,Nguyễn Chí Dũng,Hoàn thành
,CUS-04,Khách Hàng (Customer),Đặt Vé,Thanh Đặt Vé Nhanh (Quick Booking Bar),"Thanh điều hướng 1-Click: Chọn Phim -> Chọn Cụm Rạp -> Chọn Ngày (Hôm nay, Ngày mai, Ngày kia) -> Chọn Suất -> Nút 'MUA VÉ NGAY'.",Auto-select suất chiếu khả dụng; Tự động truyền initialShowtimeId vào modal chọn ghế.,Nguyễn Chí Dũng,Hoàn thành
,CUS-05,Khách Hàng (Customer),Đặt Vé,Modal Đặt Vé Bước 1: Chọn Rạp & Suất,"Hiển thị danh sách cụm rạp (Beta Xuân Thủy, CGV Bà Triệu, Lotte Keangnam...), các ngày chiếu và khung giờ chiếu (2D, IMAX, ScreenX).",Tự động ẩn suất đã qua giờ chiếu; Tự động chuyển Ngày mai nếu hôm nay đã hết suất; Nút Tiếp tục chọn ghế kích hoạt tức thì.,Nguyễn Chí Dũng,Hoàn thành
,CUS-06,Khách Hàng (Customer),Chọn Ghế,Sơ đồ 102 ghế chuẩn Beta Cinemas,"Hiển thị trực quan ma trận ghế 9 hàng A-K x 12 cột. Phân tầng màu sắc: Ghế Standard (55k), Ghế VIP (75k), Ghế Đôi Sweetbox hàng K (130k).","Trạng thái ghế thời gian thực (Trống, Đang giữ, Đã bán); Hỗ trợ chọn tối đa 8 ghế/lần đặt.",Nguyễn Văn Tuấn,Hoàn thành
,CUS-07,Khách Hàng (Customer),Chọn Ghế,Thuật toán chống ghế mồ côi (Orphan Seat Rule),"Ngăn chặn khách hàng để trống 1 ghế đơn độc ở đầu hàng, cuối hàng hoặc kẹp giữa 2 người khác, tối ưu hóa công suất lấp đầy phòng chiếu.",Orphan Seat Rule Engine: Cảnh báo đỏ tức thì và chặn bấm Tiếp tục nếu vi phạm; Miễn trừ thông minh nếu ghế mồ côi đã có từ trước.,Nguyễn Văn Tuấn,Hoàn thành
,CUS-08,Khách Hàng (Customer),Chọn Ghế,Mô phỏng góc nhìn rạp 3D (View From Seat),"Bấm vào ghế để xem mô phỏng góc nhìn thực tế lên màn chiếu từ vị trí hàng ghế đó, giúp khách chọn được vị trí ưng ý nhất.","Canvas 3D Projection Engine; Hiển thị góc nhìn trung tâm Sweet Spot (Hàng E, F).",Nguyễn Chí Dũng,Hoàn thành
,CUS-09,Khách Hàng (Customer),Giữ Ghế,Cơ chế giữ ghế nguyên tử 300 giây (Seat Hold),"Khi khách chọn ghế, hệ thống lập tức khóa các ghế đó trong 300s với đồng hồ đếm ngược. Trong thời gian này, không ai khác được phép chọn trùng.",POST /api/seats/hold; Upstash Redis Lua Script; Khóa nguyên tử chống Overbooking; Tự động giải phóng khi hết 300s.,Nguyễn Hải Đăng,Hoàn thành
,CUS-10,Khách Hàng (Customer),Bắp Nước (F&B),Tùy biến vị bắp & Upsize nước ngọt,"Chọn combo bắp nước: Hỗ trợ chọn vị bắp (Ngọt truyền thống, Phô mai +10k, Caramel +10k) theo số ngăn và Upsize ly khổng lồ 32oz (+12k).",Catalog Concession Combos; Tự động tính toán phụ phí minh bạch vào tổng tiền vé.,Nguyễn Văn Tuấn,Hoàn thành
,CUS-11,Khách Hàng (Customer),Thanh Toán,Thanh toán QR Code VietQR & MoMo,"Tạo mã VietQR động chứa chính xác số tiền, số tài khoản và nội dung chuyển khoản mã vé. Khách chỉ cần mở app ngân hàng quét mã 1 giây.",Chuẩn Napas 247 VietQR; Hỗ trợ nút sao chép nhanh số tài khoản & nội dung thanh toán.,Nguyễn Chí Dũng,Hoàn thành
,CUS-12,Khách Hàng (Customer),Vé Điện Tử,Xuất vé QR Code kèm Chữ Ký Số HMAC,"Sau khi hoàn tất, hệ thống render Vé điện tử hiển thị mã QR chống vé giả, số ghế, phòng chiếu, hướng dẫn vào rạp và nút Tải vé về máy.",Thư viện qrcode; Token mã hóa HMAC; Tự động lưu trữ vé vào Ví vé khách hàng.,Đào Duy Minh,Hoàn thành
,CUS-13,Khách Hàng (Customer),Ví Vé Của Tôi,Quản lý lịch sử vé xem phim (/dashboard),"Trang Dashboard cá nhân bảo vệ bằng số điện thoại. Khách xem lại toàn bộ các vé đã mua, xem mã QR để soát vé tại rạp, trạng thái vé.",Phone Authentication Gate; Tra cứu vé theo SĐT bằng Replay Idempotency; Phân loại vé Đã dùng / Chưa dùng.,Đào Duy Minh,Hoàn thành
